dataset_id,category,subcategory,indicator,region,year_label,year_num,fiscal_or_calendar,age,sex,value,unit,data_kind,comparable,source_title,source_table,source_yearbook,source_department,notes
population_by_age_official,人口,年齢別人口,人口,西条市,令和7年,2025,calendar,0,total,538,人,actual,True,西条市統計データ（2026年版）,10. 年齢別住民基本台帳人口,2026,市民課,令和7年11月1日現在
population_by_age_official,人口,年齢別人口,人口,西条市,令和7年,2025,calendar,0,male,270,人,actual,True,西条市統計データ（2026年版）,10. 年齢別住民基本台帳人口,2026,市民課,令和7年11月1日現在
population_by_age_official,人口,年齢別人口,人口,西条市,令和7年,2025,calendar,0,female,268,人,actual,True,西条市統計データ（2026年版）,10. 年齢別住民基本台帳人口,2026,市民課,令和7年11月1日現在
population_by_age_official,人口,年齢別人口,人口,西条市,令和7年,2025,calendar,1,total,582,人,actual,True,西条市統計データ（2026年版）,10. 年齢別住民基本台帳人口,2026,市民課,令和7年11月1日現在
population_by_age_official,人口,年齢別人口,人口,西条市,令和7年,2025,calendar,1,male,291,人,actual,True,西条市統計データ（2026年版）,10. 年齢別住民基本台帳人口,2026,市民課,令和7年11月1日現在
population_by_age_official,人口,年齢別人口,人口,西条市,令和7年,2025,calendar,1,female,291,人,actual,True,西条市統計データ（2026年版）,10. 年齢別住民基本台帳人口,2026,市民課,令和7年11月1日現在
population_by_age_official,人口,年齢別人口,人口,西条市,令和7年,2025,calendar,2,total,562,人,actual,True,西条市統計データ（2026年版）,10. 年齢別住民基本台帳人口,2026,市民課,令和7年11月1日現在
population_by_age_official,人口,年齢別人口,人口,西条市,令和7年,2025,calendar,2,male,284,人,actual,True,西条市統計データ（2026年版）,10. 年齢別住民基本台帳人口,2026,市民課,令和7年11月1日現在
population_by_age_official,人口,年齢別人口,人口,西条市,令和7年,2025,calendar,2,female,278,人,actual,True,西条市統計データ（2026年版）,10. 年齢別住民基本台帳人口,2026,市民課,令和7年11月1日現在
population_by_age_official,人口,年齢別人口,人口,西条市,令和7年,2025,calendar,3,total,659,人,actual,True,西条市統計データ（2026年版）,10. 年齢別住民基本台帳人口,2026,市民課,令和7年11月1日現在
population_by_age_official,人口,年齢別人口,人口,西条市,令和7年,2025,calendar,3,male,336,人,actual,True,西条市統計データ（2026年版）,10. 年齢別住民基本台帳人口,2026,市民課,令和7年11月1日現在
population_by_age_official,人口,年齢別人口,人口,西条市,令和7年,2025,calendar,3,female,323,人,actual,True,西条市統計データ（2026年版）,10. 年齢別住民基本台帳人口,2026,市民課,令和7年11月1日現在
population_by_age_official,人口,年齢別人口,人口,西条市,令和7年,2025,calendar,4,total,642,人,actual,True,西条市統計データ（2026年版）,10. 年齢別住民基本台帳人口,2026,市民課,令和7年11月1日現在
population_by_age_official,人口,年齢別人口,人口,西条市,令和7年,2025,calendar,4,male,332,人,actual,True,西条市統計データ（2026年版）,10. 年齢別住民基本台帳人口,2026,市民課,令和7年11月1日現在
population_by_age_official,人口,年齢別人口,人口,西条市,令和7年,2025,calendar,4,female,310,人,actual,True,西条市統計データ（2026年版）,10. 年齢別住民基本台帳人口,2026,市民課,令和7年11月1日現在
population_by_age_official,人口,年齢別人口,人口,西条市,令和7年,2025,calendar,5,total,705,人,actual,True,西条市統計データ（2026年版）,10. 年齢別住民基本台帳人口,2026,市民課,令和7年11月1日現在
population_by_age_official,人口,年齢別人口,人口,西条市,令和7年,2025,calendar,5,male,336,人,actual,True,西条市統計データ（2026年版）,10. 年齢別住民基本台帳人口,2026,市民課,令和7年11月1日現在
population_by_age_official,人口,年齢別人口,人口,西条市,令和7年,2025,calendar,5,female,369,人,actual,True,西条市統計データ（2026年版）,10. 年齢別住民基本台帳人口,2026,市民課,令和7年11月1日現在
population_by_age_official,人口,年齢別人口,人口,西条市,令和7年,2025,calendar,6,total,755,人,actual,True,西条市統計データ（2026年版）,10. 年齢別住民基本台帳人口,2026,市民課,令和7年11月1日現在
population_by_age_official,人口,年齢別人口,人口,西条市,令和7年,2025,calendar,6,male,383,人,actual,True,西条市統計データ（2026年版）,10. 年齢別住民基本台帳人口,2026,市民課,令和7年11月1日現在
population_by_age_official,人口,年齢別人口,人口,西条市,令和7年,2025,calendar,6,female,372,人,actual,True,西条市統計データ（2026年版）,10. 年齢別住民基本台帳人口,2026,市民課,令和7年11月1日現在
population_by_age_official,人口,年齢別人口,人口,西条市,令和7年,2025,calendar,7,total,772,人,actual,True,西条市統計データ（2026年版）,10. 年齢別住民基本台帳人口,2026,市民課,令和7年11月1日現在
population_by_age_official,人口,年齢別人口,人口,西条市,令和7年,2025,calendar,7,male,383,人,actual,True,西条市統計データ（2026年版）,10. 年齢別住民基本台帳人口,2026,市民課,令和7年11月1日現在
population_by_age_official,人口,年齢別人口,人口,西条市,令和7年,2025,calendar,7,female,389,人,actual,True,西条市統計データ（2026年版）,10. 年齢別住民基本台帳人口,2026,市民課,令和7年11月1日現在
population_by_age_official,人口,年齢別人口,人口,西条市,令和7年,2025,calendar,8,total,857,人,actual,True,西条市統計データ（2026年版）,10. 年齢別住民基本台帳人口,2026,市民課,令和7年11月1日現在
population_by_age_official,人口,年齢別人口,人口,西条市,令和7年,2025,calendar,8,male,416,人,actual,True,西条市統計データ（2026年版）,10. 年齢別住民基本台帳人口,2026,市民課,令和7年11月1日現在
population_by_age_official,人口,年齢別人口,人口,西条市,令和7年,2025,calendar,8,female,441,人,actual,True,西条市統計データ（2026年版）,10. 年齢別住民基本台帳人口,2026,市民課,令和7年11月1日現在
population_by_age_official,人口,年齢別人口,人口,西条市,令和7年,2025,calendar,9,total,814,人,actual,True,西条市統計データ（2026年版）,10. 年齢別住民基本台帳人口,2026,市民課,令和7年11月1日現在
population_by_age_official,人口,年齢別人口,人口,西条市,令和7年,2025,calendar,9,male,425,人,actual,True,西条市統計データ（2026年版）,10. 年齢別住民基本台帳人口,2026,市民課,令和7年11月1日現在
population_by_age_official,人口,年齢別人口,人口,西条市,令和7年,2025,calendar,9,female,389,人,actual,True,西条市統計データ（2026年版）,10. 年齢別住民基本台帳人口,2026,市民課,令和7年11月1日現在
population_by_age_official,人口,年齢別人口,人口,西条市,令和7年,2025,calendar,10,total,852,人,actual,True,西条市統計データ（2026年版）,10. 年齢別住民基本台帳人口,2026,市民課,令和7年11月1日現在
population_by_age_official,人口,年齢別人口,人口,西条市,令和7年,2025,calendar,10,male,444,人,actual,True,西条市統計データ（2026年版）,10. 年齢別住民基本台帳人口,2026,市民課,令和7年11月1日現在
population_by_age_official,人口,年齢別人口,人口,西条市,令和7年,2025,calendar,10,female,408,人,actual,True,西条市統計データ（2026年版）,10. 年齢別住民基本台帳人口,2026,市民課,令和7年11月1日現在
population_by_age_official,人口,年齢別人口,人口,西条市,令和7年,2025,calendar,11,total,877,人,actual,True,西条市統計データ（2026年版）,10. 年齢別住民基本台帳人口,2026,市民課,令和7年11月1日現在
population_by_age_official,人口,年齢別人口,人口,西条市,令和7年,2025,calendar,11,male,474,人,actual,True,西条市統計データ（2026年版）,10. 年齢別住民基本台帳人口,2026,市民課,令和7年11月1日現在
population_by_age_official,人口,年齢別人口,人口,西条市,令和7年,2025,calendar,11,female,403,人,actual,True,西条市統計データ（2026年版）,10. 年齢別住民基本台帳人口,2026,市民課,令和7年11月1日現在
population_by_age_official,人口,年齢別人口,人口,西条市,令和7年,2025,calendar,12,total,939,人,actual,True,西条市統計データ（2026年版）,10. 年齢別住民基本台帳人口,2026,市民課,令和7年11月1日現在
population_by_age_official,人口,年齢別人口,人口,西条市,令和7年,2025,calendar,12,male,493,人,actual,True,西条市統計データ（2026年版）,10. 年齢別住民基本台帳人口,2026,市民課,令和7年11月1日現在
population_by_age_official,人口,年齢別人口,人口,西条市,令和7年,2025,calendar,12,female,446,人,actual,True,西条市統計データ（2026年版）,10. 年齢別住民基本台帳人口,2026,市民課,令和7年11月1日現在
population_by_age_official,人口,年齢別人口,人口,西条市,令和7年,2025,calendar,13,total,869,人,actual,True,西条市統計データ（2026年版）,10. 年齢別住民基本台帳人口,2026,市民課,令和7年11月1日現在
population_by_age_official,人口,年齢別人口,人口,西条市,令和7年,2025,calendar,13,male,441,人,actual,True,西条市統計データ（2026年版）,10. 年齢別住民基本台帳人口,2026,市民課,令和7年11月1日現在
population_by_age_official,人口,年齢別人口,人口,西条市,令和7年,2025,calendar,13,female,428,人,actual,True,西条市統計データ（2026年版）,10. 年齢別住民基本台帳人口,2026,市民課,令和7年11月1日現在
population_by_age_official,人口,年齢別人口,人口,西条市,令和7年,2025,calendar,14,total,974,人,actual,True,西条市統計データ（2026年版）,10. 年齢別住民基本台帳人口,2026,市民課,令和7年11月1日現在
population_by_age_official,人口,年齢別人口,人口,西条市,令和7年,2025,calendar,14,male,471,人,actual,True,西条市統計データ（2026年版）,10. 年齢別住民基本台帳人口,2026,市民課,令和7年11月1日現在
population_by_age_official,人口,年齢別人口,人口,西条市,令和7年,2025,calendar,14,female,503,人,actual,True,西条市統計データ（2026年版）,10. 年齢別住民基本台帳人口,2026,市民課,令和7年11月1日現在
population_by_age_official,人口,年齢別人口,人口,西条市,令和7年,2025,calendar,15,total,917,人,actual,True,西条市統計データ（2026年版）,10. 年齢別住民基本台帳人口,2026,市民課,令和7年11月1日現在
population_by_age_official,人口,年齢別人口,人口,西条市,令和7年,2025,calendar,15,male,486,人,actual,True,西条市統計データ（2026年版）,10. 年齢別住民基本台帳人口,2026,市民課,令和7年11月1日現在
population_by_age_official,人口,年齢別人口,人口,西条市,令和7年,2025,calendar,15,female,431,人,actual,True,西条市統計データ（2026年版）,10. 年齢別住民基本台帳人口,2026,市民課,令和7年11月1日現在
population_by_age_official,人口,年齢別人口,人口,西条市,令和7年,2025,calendar,16,total,942,人,actual,True,西条市統計データ（2026年版）,10. 年齢別住民基本台帳人口,2026,市民課,令和7年11月1日現在
population_by_age_official,人口,年齢別人口,人口,西条市,令和7年,2025,calendar,16,male,475,人,actual,True,西条市統計データ（2026年版）,10. 年齢別住民基本台帳人口,2026,市民課,令和7年11月1日現在
population_by_age_official,人口,年齢別人口,人口,西条市,令和7年,2025,calendar,16,female,467,人,actual,True,西条市統計データ（2026年版）,10. 年齢別住民基本台帳人口,2026,市民課,令和7年11月1日現在
population_by_age_official,人口,年齢別人口,人口,西条市,令和7年,2025,calendar,17,total,976,人,actual,True,西条市統計データ（2026年版）,10. 年齢別住民基本台帳人口,2026,市民課,令和7年11月1日現在
population_by_age_official,人口,年齢別人口,人口,西条市,令和7年,2025,calendar,17,male,511,人,actual,True,西条市統計データ（2026年版）,10. 年齢別住民基本台帳人口,2026,市民課,令和7年11月1日現在
population_by_age_official,人口,年齢別人口,人口,西条市,令和7年,2025,calendar,17,female,465,人,actual,True,西条市統計データ（2026年版）,10. 年齢別住民基本台帳人口,2026,市民課,令和7年11月1日現在
population_by_age_official,人口,年齢別人口,人口,西条市,令和7年,2025,calendar,18,total,928,人,actual,True,西条市統計データ（2026年版）,10. 年齢別住民基本台帳人口,2026,市民課,令和7年11月1日現在
population_by_age_official,人口,年齢別人口,人口,西条市,令和7年,2025,calendar,18,male,460,人,actual,True,西条市統計データ（2026年版）,10. 年齢別住民基本台帳人口,2026,市民課,令和7年11月1日現在
population_by_age_official,人口,年齢別人口,人口,西条市,令和7年,2025,calendar,18,female,468,人,actual,True,西条市統計データ（2026年版）,10. 年齢別住民基本台帳人口,2026,市民課,令和7年11月1日現在
population_by_age_official,人口,年齢別人口,人口,西条市,令和7年,2025,calendar,19,total,848,人,actual,True,西条市統計データ（2026年版）,10. 年齢別住民基本台帳人口,2026,市民課,令和7年11月1日現在
population_by_age_official,人口,年齢別人口,人口,西条市,令和7年,2025,calendar,19,male,416,人,actual,True,西条市統計データ（2026年版）,10. 年齢別住民基本台帳人口,2026,市民課,令和7年11月1日現在
population_by_age_official,人口,年齢別人口,人口,西条市,令和7年,2025,calendar,19,female,432,人,actual,True,西条市統計データ（2026年版）,10. 年齢別住民基本台帳人口,2026,市民課,令和7年11月1日現在
population_by_age_official,人口,年齢別人口,人口,西条市,令和7年,2025,calendar,20,total,808,人,actual,True,西条市統計データ（2026年版）,10. 年齢別住民基本台帳人口,2026,市民課,令和7年11月1日現在
population_by_age_official,人口,年齢別人口,人口,西条市,令和7年,2025,calendar,20,male,439,人,actual,True,西条市統計データ（2026年版）,10. 年齢別住民基本台帳人口,2026,市民課,令和7年11月1日現在
population_by_age_official,人口,年齢別人口,人口,西条市,令和7年,2025,calendar,20,female,369,人,actual,True,西条市統計データ（2026年版）,10. 年齢別住民基本台帳人口,2026,市民課,令和7年11月1日現在
population_by_age_official,人口,年齢別人口,人口,西条市,令和7年,2025,calendar,21,total,849,人,actual,True,西条市統計データ（2026年版）,10. 年齢別住民基本台帳人口,2026,市民課,令和7年11月1日現在
population_by_age_official,人口,年齢別人口,人口,西条市,令和7年,2025,calendar,21,male,477,人,actual,True,西条市統計データ（2026年版）,10. 年齢別住民基本台帳人口,2026,市民課,令和7年11月1日現在
population_by_age_official,人口,年齢別人口,人口,西条市,令和7年,2025,calendar,21,female,372,人,actual,True,西条市統計データ（2026年版）,10. 年齢別住民基本台帳人口,2026,市民課,令和7年11月1日現在
population_by_age_official,人口,年齢別人口,人口,西条市,令和7年,2025,calendar,22,total,829,人,actual,True,西条市統計データ（2026年版）,10. 年齢別住民基本台帳人口,2026,市民課,令和7年11月1日現在
population_by_age_official,人口,年齢別人口,人口,西条市,令和7年,2025,calendar,22,male,489,人,actual,True,西条市統計データ（2026年版）,10. 年齢別住民基本台帳人口,2026,市民課,令和7年11月1日現在
population_by_age_official,人口,年齢別人口,人口,西条市,令和7年,2025,calendar,22,female,340,人,actual,True,西条市統計データ（2026年版）,10. 年齢別住民基本台帳人口,2026,市民課,令和7年11月1日現在
population_by_age_official,人口,年齢別人口,人口,西条市,令和7年,2025,calendar,23,total,821,人,actual,True,西条市統計データ（2026年版）,10. 年齢別住民基本台帳人口,2026,市民課,令和7年11月1日現在
population_by_age_official,人口,年齢別人口,人口,西条市,令和7年,2025,calendar,23,male,436,人,actual,True,西条市統計データ（2026年版）,10. 年齢別住民基本台帳人口,2026,市民課,令和7年11月1日現在
population_by_age_official,人口,年齢別人口,人口,西条市,令和7年,2025,calendar,23,female,385,人,actual,True,西条市統計データ（2026年版）,10. 年齢別住民基本台帳人口,2026,市民課,令和7年11月1日現在
population_by_age_official,人口,年齢別人口,人口,西条市,令和7年,2025,calendar,24,total,837,人,actual,True,西条市統計データ（2026年版）,10. 年齢別住民基本台帳人口,2026,市民課,令和7年11月1日現在
population_by_age_official,人口,年齢別人口,人口,西条市,令和7年,2025,calendar,24,male,464,人,actual,True,西条市統計データ（2026年版）,10. 年齢別住民基本台帳人口,2026,市民課,令和7年11月1日現在
population_by_age_official,人口,年齢別人口,人口,西条市,令和7年,2025,calendar,24,female,373,人,actual,True,西条市統計データ（2026年版）,10. 年齢別住民基本台帳人口,2026,市民課,令和7年11月1日現在
population_by_age_official,人口,年齢別人口,人口,西条市,令和7年,2025,calendar,25,total,835,人,actual,True,西条市統計データ（2026年版）,10. 年齢別住民基本台帳人口,2026,市民課,令和7年11月1日現在
population_by_age_official,人口,年齢別人口,人口,西条市,令和7年,2025,calendar,25,male,466,人,actual,True,西条市統計データ（2026年版）,10. 年齢別住民基本台帳人口,2026,市民課,令和7年11月1日現在
population_by_age_official,人口,年齢別人口,人口,西条市,令和7年,2025,calendar,25,female,369,人,actual,True,西条市統計データ（2026年版）,10. 年齢別住民基本台帳人口,2026,市民課,令和7年11月1日現在
population_by_age_official,人口,年齢別人口,人口,西条市,令和7年,2025,calendar,26,total,794,人,actual,True,西条市統計データ（2026年版）,10. 年齢別住民基本台帳人口,2026,市民課,令和7年11月1日現在
population_by_age_official,人口,年齢別人口,人口,西条市,令和7年,2025,calendar,26,male,436,人,actual,True,西条市統計データ（2026年版）,10. 年齢別住民基本台帳人口,2026,市民課,令和7年11月1日現在
population_by_age_official,人口,年齢別人口,人口,西条市,令和7年,2025,calendar,26,female,358,人,actual,True,西条市統計データ（2026年版）,10. 年齢別住民基本台帳人口,2026,市民課,令和7年11月1日現在
population_by_age_official,人口,年齢別人口,人口,西条市,令和7年,2025,calendar,27,total,884,人,actual,True,西条市統計データ（2026年版）,10. 年齢別住民基本台帳人口,2026,市民課,令和7年11月1日現在
population_by_age_official,人口,年齢別人口,人口,西条市,令和7年,2025,calendar,27,male,516,人,actual,True,西条市統計データ（2026年版）,10. 年齢別住民基本台帳人口,2026,市民課,令和7年11月1日現在
population_by_age_official,人口,年齢別人口,人口,西条市,令和7年,2025,calendar,27,female,368,人,actual,True,西条市統計データ（2026年版）,10. 年齢別住民基本台帳人口,2026,市民課,令和7年11月1日現在
population_by_age_official,人口,年齢別人口,人口,西条市,令和7年,2025,calendar,28,total,836,人,actual,True,西条市統計データ（2026年版）,10. 年齢別住民基本台帳人口,2026,市民課,令和7年11月1日現在
population_by_age_official,人口,年齢別人口,人口,西条市,令和7年,2025,calendar,28,male,457,人,actual,True,西条市統計データ（2026年版）,10. 年齢別住民基本台帳人口,2026,市民課,令和7年11月1日現在
population_by_age_official,人口,年齢別人口,人口,西条市,令和7年,2025,calendar,28,female,379,人,actual,True,西条市統計データ（2026年版）,10. 年齢別住民基本台帳人口,2026,市民課,令和7年11月1日現在
population_by_age_official,人口,年齢別人口,人口,西条市,令和7年,2025,calendar,29,total,855,人,actual,True,西条市統計データ（2026年版）,10. 年齢別住民基本台帳人口,2026,市民課,令和7年11月1日現在
population_by_age_official,人口,年齢別人口,人口,西条市,令和7年,2025,calendar,29,male,461,人,actual,True,西条市統計データ（2026年版）,10. 年齢別住民基本台帳人口,2026,市民課,令和7年11月1日現在
population_by_age_official,人口,年齢別人口,人口,西条市,令和7年,2025,calendar,29,female,394,人,actual,True,西条市統計データ（2026年版）,10. 年齢別住民基本台帳人口,2026,市民課,令和7年11月1日現在
population_by_age_official,人口,年齢別人口,人口,西条市,令和7年,2025,calendar,30,total,895,人,actual,True,西条市統計データ（2026年版）,10. 年齢別住民基本台帳人口,2026,市民課,令和7年11月1日現在
population_by_age_official,人口,年齢別人口,人口,西条市,令和7年,2025,calendar,30,male,488,人,actual,True,西条市統計データ（2026年版）,10. 年齢別住民基本台帳人口,2026,市民課,令和7年11月1日現在
population_by_age_official,人口,年齢別人口,人口,西条市,令和7年,2025,calendar,30,female,407,人,actual,True,西条市統計データ（2026年版）,10. 年齢別住民基本台帳人口,2026,市民課,令和7年11月1日現在
population_by_age_official,人口,年齢別人口,人口,西条市,令和7年,2025,calendar,31,total,965,人,actual,True,西条市統計データ（2026年版）,10. 年齢別住民基本台帳人口,2026,市民課,令和7年11月1日現在
population_by_age_official,人口,年齢別人口,人口,西条市,令和7年,2025,calendar,31,male,527,人,actual,True,西条市統計データ（2026年版）,10. 年齢別住民基本台帳人口,2026,市民課,令和7年11月1日現在
population_by_age_official,人口,年齢別人口,人口,西条市,令和7年,2025,calendar,31,female,438,人,actual,True,西条市統計データ（2026年版）,10. 年齢別住民基本台帳人口,2026,市民課,令和7年11月1日現在
population_by_age_official,人口,年齢別人口,人口,西条市,令和7年,2025,calendar,32,total,938,人,actual,True,西条市統計データ（2026年版）,10. 年齢別住民基本台帳人口,2026,市民課,令和7年11月1日現在
population_by_age_official,人口,年齢別人口,人口,西条市,令和7年,2025,calendar,32,male,507,人,actual,True,西条市統計データ（2026年版）,10. 年齢別住民基本台帳人口,2026,市民課,令和7年11月1日現在
population_by_age_official,人口,年齢別人口,人口,西条市,令和7年,2025,calendar,32,female,431,人,actual,True,西条市統計データ（2026年版）,10. 年齢別住民基本台帳人口,2026,市民課,令和7年11月1日現在
population_by_age_official,人口,年齢別人口,人口,西条市,令和7年,2025,calendar,33,total,989,人,actual,True,西条市統計データ（2026年版）,10. 年齢別住民基本台帳人口,2026,市民課,令和7年11月1日現在
population_by_age_official,人口,年齢別人口,人口,西条市,令和7年,2025,calendar,33,male,521,人,actual,True,西条市統計データ（2026年版）,10. 年齢別住民基本台帳人口,2026,市民課,令和7年11月1日現在
population_by_age_official,人口,年齢別人口,人口,西条市,令和7年,2025,calendar,33,female,468,人,actual,True,西条市統計データ（2026年版）,10. 年齢別住民基本台帳人口,2026,市民課,令和7年11月1日現在
population_by_age_official,人口,年齢別人口,人口,西条市,令和7年,2025,calendar,34,total,963,人,actual,True,西条市統計データ（2026年版）,10. 年齢別住民基本台帳人口,2026,市民課,令和7年11月1日現在
population_by_age_official,人口,年齢別人口,人口,西条市,令和7年,2025,calendar,34,male,509,人,actual,True,西条市統計データ（2026年版）,10. 年齢別住民基本台帳人口,2026,市民課,令和7年11月1日現在
population_by_age_official,人口,年齢別人口,人口,西条市,令和7年,2025,calendar,34,female,454,人,actual,True,西条市統計データ（2026年版）,10. 年齢別住民基本台帳人口,2026,市民課,令和7年11月1日現在
population_by_age_official,人口,年齢別人口,人口,西条市,令和7年,2025,calendar,35,total,987,人,actual,True,西条市統計データ（2026年版）,10. 年齢別住民基本台帳人口,2026,市民課,令和7年11月1日現在
population_by_age_official,人口,年齢別人口,人口,西条市,令和7年,2025,calendar,35,male,535,人,actual,True,西条市統計データ（2026年版）,10. 年齢別住民基本台帳人口,2026,市民課,令和7年11月1日現在
population_by_age_official,人口,年齢別人口,人口,西条市,令和7年,2025,calendar,35,female,452,人,actual,True,西条市統計データ（2026年版）,10. 年齢別住民基本台帳人口,2026,市民課,令和7年11月1日現在
population_by_age_official,人口,年齢別人口,人口,西条市,令和7年,2025,calendar,36,total,1028,人,actual,True,西条市統計データ（2026年版）,10. 年齢別住民基本台帳人口,2026,市民課,令和7年11月1日現在
population_by_age_official,人口,年齢別人口,人口,西条市,令和7年,2025,calendar,36,male,536,人,actual,True,西条市統計データ（2026年版）,10. 年齢別住民基本台帳人口,2026,市民課,令和7年11月1日現在
population_by_age_official,人口,年齢別人口,人口,西条市,令和7年,2025,calendar,36,female,492,人,actual,True,西条市統計データ（2026年版）,10. 年齢別住民基本台帳人口,2026,市民課,令和7年11月1日現在
population_by_age_official,人口,年齢別人口,人口,西条市,令和7年,2025,calendar,37,total,1054,人,actual,True,西条市統計データ（2026年版）,10. 年齢別住民基本台帳人口,2026,市民課,令和7年11月1日現在
population_by_age_official,人口,年齢別人口,人口,西条市,令和7年,2025,calendar,37,male,546,人,actual,True,西条市統計データ（2026年版）,10. 年齢別住民基本台帳人口,2026,市民課,令和7年11月1日現在
population_by_age_official,人口,年齢別人口,人口,西条市,令和7年,2025,calendar,37,female,508,人,actual,True,西条市統計データ（2026年版）,10. 年齢別住民基本台帳人口,2026,市民課,令和7年11月1日現在
population_by_age_official,人口,年齢別人口,人口,西条市,令和7年,2025,calendar,38,total,1077,人,actual,True,西条市統計データ（2026年版）,10. 年齢別住民基本台帳人口,2026,市民課,令和7年11月1日現在
population_by_age_official,人口,年齢別人口,人口,西条市,令和7年,2025,calendar,38,male,594,人,actual,True,西条市統計データ（2026年版）,10. 年齢別住民基本台帳人口,2026,市民課,令和7年11月1日現在
population_by_age_official,人口,年齢別人口,人口,西条市,令和7年,2025,calendar,38,female,483,人,actual,True,西条市統計データ（2026年版）,10. 年齢別住民基本台帳人口,2026,市民課,令和7年11月1日現在
population_by_age_official,人口,年齢別人口,人口,西条市,令和7年,2025,calendar,39,total,1117,人,actual,True,西条市統計データ（2026年版）,10. 年齢別住民基本台帳人口,2026,市民課,令和7年11月1日現在
population_by_age_official,人口,年齢別人口,人口,西条市,令和7年,2025,calendar,39,male,619,人,actual,True,西条市統計データ（2026年版）,10. 年齢別住民基本台帳人口,2026,市民課,令和7年11月1日現在
population_by_age_official,人口,年齢別人口,人口,西条市,令和7年,2025,calendar,39,female,498,人,actual,True,西条市統計データ（2026年版）,10. 年齢別住民基本台帳人口,2026,市民課,令和7年11月1日現在
population_by_age_official,人口,年齢別人口,人口,西条市,令和7年,2025,calendar,40,total,1187,人,actual,True,西条市統計データ（2026年版）,10. 年齢別住民基本台帳人口,2026,市民課,令和7年11月1日現在
population_by_age_official,人口,年齢別人口,人口,西条市,令和7年,2025,calendar,40,male,616,人,actual,True,西条市統計データ（2026年版）,10. 年齢別住民基本台帳人口,2026,市民課,令和7年11月1日現在
population_by_age_official,人口,年齢別人口,人口,西条市,令和7年,2025,calendar,40,female,571,人,actual,True,西条市統計データ（2026年版）,10. 年齢別住民基本台帳人口,2026,市民課,令和7年11月1日現在
population_by_age_official,人口,年齢別人口,人口,西条市,令和7年,2025,calendar,41,total,1263,人,actual,True,西条市統計データ（2026年版）,10. 年齢別住民基本台帳人口,2026,市民課,令和7年11月1日現在
population_by_age_official,人口,年齢別人口,人口,西条市,令和7年,2025,calendar,41,male,653,人,actual,True,西条市統計データ（2026年版）,10. 年齢別住民基本台帳人口,2026,市民課,令和7年11月1日現在
population_by_age_official,人口,年齢別人口,人口,西条市,令和7年,2025,calendar,41,female,610,人,actual,True,西条市統計データ（2026年版）,10. 年齢別住民基本台帳人口,2026,市民課,令和7年11月1日現在
population_by_age_official,人口,年齢別人口,人口,西条市,令和7年,2025,calendar,42,total,1153,人,actual,True,西条市統計データ（2026年版）,10. 年齢別住民基本台帳人口,2026,市民課,令和7年11月1日現在
population_by_age_official,人口,年齢別人口,人口,西条市,令和7年,2025,calendar,42,male,610,人,actual,True,西条市統計データ（2026年版）,10. 年齢別住民基本台帳人口,2026,市民課,令和7年11月1日現在
population_by_age_official,人口,年齢別人口,人口,西条市,令和7年,2025,calendar,42,female,543,人,actual,True,西条市統計データ（2026年版）,10. 年齢別住民基本台帳人口,2026,市民課,令和7年11月1日現在
population_by_age_official,人口,年齢別人口,人口,西条市,令和7年,2025,calendar,43,total,1237,人,actual,True,西条市統計データ（2026年版）,10. 年齢別住民基本台帳人口,2026,市民課,令和7年11月1日現在
population_by_age_official,人口,年齢別人口,人口,西条市,令和7年,2025,calendar,43,male,644,人,actual,True,西条市統計データ（2026年版）,10. 年齢別住民基本台帳人口,2026,市民課,令和7年11月1日現在
population_by_age_official,人口,年齢別人口,人口,西条市,令和7年,2025,calendar,43,female,593,人,actual,True,西条市統計データ（2026年版）,10. 年齢別住民基本台帳人口,2026,市民課,令和7年11月1日現在
population_by_age_official,人口,年齢別人口,人口,西条市,令和7年,2025,calendar,44,total,1255,人,actual,True,西条市統計データ（2026年版）,10. 年齢別住民基本台帳人口,2026,市民課,令和7年11月1日現在
population_by_age_official,人口,年齢別人口,人口,西条市,令和7年,2025,calendar,44,male,640,人,actual,True,西条市統計データ（2026年版）,10. 年齢別住民基本台帳人口,2026,市民課,令和7年11月1日現在
population_by_age_official,人口,年齢別人口,人口,西条市,令和7年,2025,calendar,44,female,615,人,actual,True,西条市統計データ（2026年版）,10. 年齢別住民基本台帳人口,2026,市民課,令和7年11月1日現在
population_by_age_official,人口,年齢別人口,人口,西条市,令和7年,2025,calendar,45,total,1270,人,actual,True,西条市統計データ（2026年版）,10. 年齢別住民基本台帳人口,2026,市民課,令和7年11月1日現在
population_by_age_official,人口,年齢別人口,人口,西条市,令和7年,2025,calendar,45,male,673,人,actual,True,西条市統計データ（2026年版）,10. 年齢別住民基本台帳人口,2026,市民課,令和7年11月1日現在
population_by_age_official,人口,年齢別人口,人口,西条市,令和7年,2025,calendar,45,female,597,人,actual,True,西条市統計データ（2026年版）,10. 年齢別住民基本台帳人口,2026,市民課,令和7年11月1日現在
population_by_age_official,人口,年齢別人口,人口,西条市,令和7年,2025,calendar,46,total,1283,人,actual,True,西条市統計データ（2026年版）,10. 年齢別住民基本台帳人口,2026,市民課,令和7年11月1日現在
population_by_age_official,人口,年齢別人口,人口,西条市,令和7年,2025,calendar,46,male,666,人,actual,True,西条市統計データ（2026年版）,10. 年齢別住民基本台帳人口,2026,市民課,令和7年11月1日現在
population_by_age_official,人口,年齢別人口,人口,西条市,令和7年,2025,calendar,46,female,617,人,actual,True,西条市統計データ（2026年版）,10. 年齢別住民基本台帳人口,2026,市民課,令和7年11月1日現在
population_by_age_official,人口,年齢別人口,人口,西条市,令和7年,2025,calendar,47,total,1322,人,actual,True,西条市統計データ（2026年版）,10. 年齢別住民基本台帳人口,2026,市民課,令和7年11月1日現在
population_by_age_official,人口,年齢別人口,人口,西条市,令和7年,2025,calendar,47,male,683,人,actual,True,西条市統計データ（2026年版）,10. 年齢別住民基本台帳人口,2026,市民課,令和7年11月1日現在
population_by_age_official,人口,年齢別人口,人口,西条市,令和7年,2025,calendar,47,female,639,人,actual,True,西条市統計データ（2026年版）,10. 年齢別住民基本台帳人口,2026,市民課,令和7年11月1日現在
population_by_age_official,人口,年齢別人口,人口,西条市,令和7年,2025,calendar,48,total,1401,人,actual,True,西条市統計データ（2026年版）,10. 年齢別住民基本台帳人口,2026,市民課,令和7年11月1日現在
population_by_age_official,人口,年齢別人口,人口,西条市,令和7年,2025,calendar,48,male,736,人,actual,True,西条市統計データ（2026年版）,10. 年齢別住民基本台帳人口,2026,市民課,令和7年11月1日現在
population_by_age_official,人口,年齢別人口,人口,西条市,令和7年,2025,calendar,48,female,665,人,actual,True,西条市統計データ（2026年版）,10. 年齢別住民基本台帳人口,2026,市民課,令和7年11月1日現在
population_by_age_official,人口,年齢別人口,人口,西条市,令和7年,2025,calendar,49,total,1371,人,actual,True,西条市統計データ（2026年版）,10. 年齢別住民基本台帳人口,2026,市民課,令和7年11月1日現在
population_by_age_official,人口,年齢別人口,人口,西条市,令和7年,2025,calendar,49,male,701,人,actual,True,西条市統計データ（2026年版）,10. 年齢別住民基本台帳人口,2026,市民課,令和7年11月1日現在
population_by_age_official,人口,年齢別人口,人口,西条市,令和7年,2025,calendar,49,female,670,人,actual,True,西条市統計データ（2026年版）,10. 年齢別住民基本台帳人口,2026,市民課,令和7年11月1日現在
population_by_age_official,人口,年齢別人口,人口,西条市,令和7年,2025,calendar,50,total,1452,人,actual,True,西条市統計データ（2026年版）,10. 年齢別住民基本台帳人口,2026,市民課,令和7年11月1日現在
population_by_age_official,人口,年齢別人口,人口,西条市,令和7年,2025,calendar,50,male,733,人,actual,True,西条市統計データ（2026年版）,10. 年齢別住民基本台帳人口,2026,市民課,令和7年11月1日現在
population_by_age_official,人口,年齢別人口,人口,西条市,令和7年,2025,calendar,50,female,719,人,actual,True,西条市統計データ（2026年版）,10. 年齢別住民基本台帳人口,2026,市民課,令和7年11月1日現在
population_by_age_official,人口,年齢別人口,人口,西条市,令和7年,2025,calendar,51,total,1677,人,actual,True,西条市統計データ（2026年版）,10. 年齢別住民基本台帳人口,2026,市民課,令和7年11月1日現在
population_by_age_official,人口,年齢別人口,人口,西条市,令和7年,2025,calendar,51,male,886,人,actual,True,西条市統計データ（2026年版）,10. 年齢別住民基本台帳人口,2026,市民課,令和7年11月1日現在
population_by_age_official,人口,年齢別人口,人口,西条市,令和7年,2025,calendar,51,female,791,人,actual,True,西条市統計データ（2026年版）,10. 年齢別住民基本台帳人口,2026,市民課,令和7年11月1日現在
population_by_age_official,人口,年齢別人口,人口,西条市,令和7年,2025,calendar,52,total,1653,人,actual,True,西条市統計データ（2026年版）,10. 年齢別住民基本台帳人口,2026,市民課,令和7年11月1日現在
population_by_age_official,人口,年齢別人口,人口,西条市,令和7年,2025,calendar,52,male,836,人,actual,True,西条市統計データ（2026年版）,10. 年齢別住民基本台帳人口,2026,市民課,令和7年11月1日現在
population_by_age_official,人口,年齢別人口,人口,西条市,令和7年,2025,calendar,52,female,817,人,actual,True,西条市統計データ（2026年版）,10. 年齢別住民基本台帳人口,2026,市民課,令和7年11月1日現在
population_by_age_official,人口,年齢別人口,人口,西条市,令和7年,2025,calendar,53,total,1501,人,actual,True,西条市統計データ（2026年版）,10. 年齢別住民基本台帳人口,2026,市民課,令和7年11月1日現在
population_by_age_official,人口,年齢別人口,人口,西条市,令和7年,2025,calendar,53,male,774,人,actual,True,西条市統計データ（2026年版）,10. 年齢別住民基本台帳人口,2026,市民課,令和7年11月1日現在
population_by_age_official,人口,年齢別人口,人口,西条市,令和7年,2025,calendar,53,female,727,人,actual,True,西条市統計データ（2026年版）,10. 年齢別住民基本台帳人口,2026,市民課,令和7年11月1日現在
population_by_age_official,人口,年齢別人口,人口,西条市,令和7年,2025,calendar,54,total,1433,人,actual,True,西条市統計データ（2026年版）,10. 年齢別住民基本台帳人口,2026,市民課,令和7年11月1日現在
population_by_age_official,人口,年齢別人口,人口,西条市,令和7年,2025,calendar,54,male,724,人,actual,True,西条市統計データ（2026年版）,10. 年齢別住民基本台帳人口,2026,市民課,令和7年11月1日現在
population_by_age_official,人口,年齢別人口,人口,西条市,令和7年,2025,calendar,54,female,709,人,actual,True,西条市統計データ（2026年版）,10. 年齢別住民基本台帳人口,2026,市民課,令和7年11月1日現在
population_by_age_official,人口,年齢別人口,人口,西条市,令和7年,2025,calendar,55,total,1322,人,actual,True,西条市統計データ（2026年版）,10. 年齢別住民基本台帳人口,2026,市民課,令和7年11月1日現在
population_by_age_official,人口,年齢別人口,人口,西条市,令和7年,2025,calendar,55,male,681,人,actual,True,西条市統計データ（2026年版）,10. 年齢別住民基本台帳人口,2026,市民課,令和7年11月1日現在
population_by_age_official,人口,年齢別人口,人口,西条市,令和7年,2025,calendar,55,female,641,人,actual,True,西条市統計データ（2026年版）,10. 年齢別住民基本台帳人口,2026,市民課,令和7年11月1日現在
population_by_age_official,人口,年齢別人口,人口,西条市,令和7年,2025,calendar,56,total,1301,人,actual,True,西条市統計データ（2026年版）,10. 年齢別住民基本台帳人口,2026,市民課,令和7年11月1日現在
population_by_age_official,人口,年齢別人口,人口,西条市,令和7年,2025,calendar,56,male,659,人,actual,True,西条市統計データ（2026年版）,10. 年齢別住民基本台帳人口,2026,市民課,令和7年11月1日現在
population_by_age_official,人口,年齢別人口,人口,西条市,令和7年,2025,calendar,56,female,642,人,actual,True,西条市統計データ（2026年版）,10. 年齢別住民基本台帳人口,2026,市民課,令和7年11月1日現在
population_by_age_official,人口,年齢別人口,人口,西条市,令和7年,2025,calendar,57,total,1347,人,actual,True,西条市統計データ（2026年版）,10. 年齢別住民基本台帳人口,2026,市民課,令和7年11月1日現在
population_by_age_official,人口,年齢別人口,人口,西条市,令和7年,2025,calendar,57,male,669,人,actual,True,西条市統計データ（2026年版）,10. 年齢別住民基本台帳人口,2026,市民課,令和7年11月1日現在
population_by_age_official,人口,年齢別人口,人口,西条市,令和7年,2025,calendar,57,female,678,人,actual,True,西条市統計データ（2026年版）,10. 年齢別住民基本台帳人口,2026,市民課,令和7年11月1日現在
population_by_age_official,人口,年齢別人口,人口,西条市,令和7年,2025,calendar,58,total,1437,人,actual,True,西条市統計データ（2026年版）,10. 年齢別住民基本台帳人口,2026,市民課,令和7年11月1日現在
population_by_age_official,人口,年齢別人口,人口,西条市,令和7年,2025,calendar,58,male,695,人,actual,True,西条市統計データ（2026年版）,10. 年齢別住民基本台帳人口,2026,市民課,令和7年11月1日現在
population_by_age_official,人口,年齢別人口,人口,西条市,令和7年,2025,calendar,58,female,742,人,actual,True,西条市統計データ（2026年版）,10. 年齢別住民基本台帳人口,2026,市民課,令和7年11月1日現在
population_by_age_official,人口,年齢別人口,人口,西条市,令和7年,2025,calendar,59,total,988,人,actual,True,西条市統計データ（2026年版）,10. 年齢別住民基本台帳人口,2026,市民課,令和7年11月1日現在
population_by_age_official,人口,年齢別人口,人口,西条市,令和7年,2025,calendar,59,male,493,人,actual,True,西条市統計データ（2026年版）,10. 年齢別住民基本台帳人口,2026,市民課,令和7年11月1日現在
population_by_age_official,人口,年齢別人口,人口,西条市,令和7年,2025,calendar,59,female,495,人,actual,True,西条市統計データ（2026年版）,10. 年齢別住民基本台帳人口,2026,市民課,令和7年11月1日現在
population_by_age_official,人口,年齢別人口,人口,西条市,令和7年,2025,calendar,60,total,1418,人,actual,True,西条市統計データ（2026年版）,10. 年齢別住民基本台帳人口,2026,市民課,令和7年11月1日現在
population_by_age_official,人口,年齢別人口,人口,西条市,令和7年,2025,calendar,60,male,671,人,actual,True,西条市統計データ（2026年版）,10. 年齢別住民基本台帳人口,2026,市民課,令和7年11月1日現在
population_by_age_official,人口,年齢別人口,人口,西条市,令和7年,2025,calendar,60,female,747,人,actual,True,西条市統計データ（2026年版）,10. 年齢別住民基本台帳人口,2026,市民課,令和7年11月1日現在
population_by_age_official,人口,年齢別人口,人口,西条市,令和7年,2025,calendar,61,total,1338,人,actual,True,西条市統計データ（2026年版）,10. 年齢別住民基本台帳人口,2026,市民課,令和7年11月1日現在
population_by_age_official,人口,年齢別人口,人口,西条市,令和7年,2025,calendar,61,male,655,人,actual,True,西条市統計データ（2026年版）,10. 年齢別住民基本台帳人口,2026,市民課,令和7年11月1日現在
population_by_age_official,人口,年齢別人口,人口,西条市,令和7年,2025,calendar,61,female,683,人,actual,True,西条市統計データ（2026年版）,10. 年齢別住民基本台帳人口,2026,市民課,令和7年11月1日現在
population_by_age_official,人口,年齢別人口,人口,西条市,令和7年,2025,calendar,62,total,1333,人,actual,True,西条市統計データ（2026年版）,10. 年齢別住民基本台帳人口,2026,市民課,令和7年11月1日現在
population_by_age_official,人口,年齢別人口,人口,西条市,令和7年,2025,calendar,62,male,657,人,actual,True,西条市統計データ（2026年版）,10. 年齢別住民基本台帳人口,2026,市民課,令和7年11月1日現在
population_by_age_official,人口,年齢別人口,人口,西条市,令和7年,2025,calendar,62,female,676,人,actual,True,西条市統計データ（2026年版）,10. 年齢別住民基本台帳人口,2026,市民課,令和7年11月1日現在
population_by_age_official,人口,年齢別人口,人口,西条市,令和7年,2025,calendar,63,total,1314,人,actual,True,西条市統計データ（2026年版）,10. 年齢別住民基本台帳人口,2026,市民課,令和7年11月1日現在
population_by_age_official,人口,年齢別人口,人口,西条市,令和7年,2025,calendar,63,male,638,人,actual,True,西条市統計データ（2026年版）,10. 年齢別住民基本台帳人口,2026,市民課,令和7年11月1日現在
population_by_age_official,人口,年齢別人口,人口,西条市,令和7年,2025,calendar,63,female,676,人,actual,True,西条市統計データ（2026年版）,10. 年齢別住民基本台帳人口,2026,市民課,令和7年11月1日現在
population_by_age_official,人口,年齢別人口,人口,西条市,令和7年,2025,calendar,64,total,1337,人,actual,True,西条市統計データ（2026年版）,10. 年齢別住民基本台帳人口,2026,市民課,令和7年11月1日現在
population_by_age_official,人口,年齢別人口,人口,西条市,令和7年,2025,calendar,64,male,649,人,actual,True,西条市統計データ（2026年版）,10. 年齢別住民基本台帳人口,2026,市民課,令和7年11月1日現在
population_by_age_official,人口,年齢別人口,人口,西条市,令和7年,2025,calendar,64,female,688,人,actual,True,西条市統計データ（2026年版）,10. 年齢別住民基本台帳人口,2026,市民課,令和7年11月1日現在
population_by_age_official,人口,年齢別人口,人口,西条市,令和7年,2025,calendar,65,total,1307,人,actual,True,西条市統計データ（2026年版）,10. 年齢別住民基本台帳人口,2026,市民課,令和7年11月1日現在
population_by_age_official,人口,年齢別人口,人口,西条市,令和7年,2025,calendar,65,male,635,人,actual,True,西条市統計データ（2026年版）,10. 年齢別住民基本台帳人口,2026,市民課,令和7年11月1日現在
population_by_age_official,人口,年齢別人口,人口,西条市,令和7年,2025,calendar,65,female,672,人,actual,True,西条市統計データ（2026年版）,10. 年齢別住民基本台帳人口,2026,市民課,令和7年11月1日現在
population_by_age_official,人口,年齢別人口,人口,西条市,令和7年,2025,calendar,66,total,1348,人,actual,True,西条市統計データ（2026年版）,10. 年齢別住民基本台帳人口,2026,市民課,令和7年11月1日現在
population_by_age_official,人口,年齢別人口,人口,西条市,令和7年,2025,calendar,66,male,640,人,actual,True,西条市統計データ（2026年版）,10. 年齢別住民基本台帳人口,2026,市民課,令和7年11月1日現在
population_by_age_official,人口,年齢別人口,人口,西条市,令和7年,2025,calendar,66,female,708,人,actual,True,西条市統計データ（2026年版）,10. 年齢別住民基本台帳人口,2026,市民課,令和7年11月1日現在
population_by_age_official,人口,年齢別人口,人口,西条市,令和7年,2025,calendar,67,total,1344,人,actual,True,西条市統計データ（2026年版）,10. 年齢別住民基本台帳人口,2026,市民課,令和7年11月1日現在
population_by_age_official,人口,年齢別人口,人口,西条市,令和7年,2025,calendar,67,male,653,人,actual,True,西条市統計データ（2026年版）,10. 年齢別住民基本台帳人口,2026,市民課,令和7年11月1日現在
population_by_age_official,人口,年齢別人口,人口,西条市,令和7年,2025,calendar,67,female,691,人,actual,True,西条市統計データ（2026年版）,10. 年齢別住民基本台帳人口,2026,市民課,令和7年11月1日現在
population_by_age_official,人口,年齢別人口,人口,西条市,令和7年,2025,calendar,68,total,1353,人,actual,True,西条市統計データ（2026年版）,10. 年齢別住民基本台帳人口,2026,市民課,令和7年11月1日現在
population_by_age_official,人口,年齢別人口,人口,西条市,令和7年,2025,calendar,68,male,645,人,actual,True,西条市統計データ（2026年版）,10. 年齢別住民基本台帳人口,2026,市民課,令和7年11月1日現在
population_by_age_official,人口,年齢別人口,人口,西条市,令和7年,2025,calendar,68,female,708,人,actual,True,西条市統計データ（2026年版）,10. 年齢別住民基本台帳人口,2026,市民課,令和7年11月1日現在
population_by_age_official,人口,年齢別人口,人口,西条市,令和7年,2025,calendar,69,total,1403,人,actual,True,西条市統計データ（2026年版）,10. 年齢別住民基本台帳人口,2026,市民課,令和7年11月1日現在
population_by_age_official,人口,年齢別人口,人口,西条市,令和7年,2025,calendar,69,male,679,人,actual,True,西条市統計データ（2026年版）,10. 年齢別住民基本台帳人口,2026,市民課,令和7年11月1日現在
population_by_age_official,人口,年齢別人口,人口,西条市,令和7年,2025,calendar,69,female,724,人,actual,True,西条市統計データ（2026年版）,10. 年齢別住民基本台帳人口,2026,市民課,令和7年11月1日現在
population_by_age_official,人口,年齢別人口,人口,西条市,令和7年,2025,calendar,70,total,1383,人,actual,True,西条市統計データ（2026年版）,10. 年齢別住民基本台帳人口,2026,市民課,令和7年11月1日現在
population_by_age_official,人口,年齢別人口,人口,西条市,令和7年,2025,calendar,70,male,643,人,actual,True,西条市統計データ（2026年版）,10. 年齢別住民基本台帳人口,2026,市民課,令和7年11月1日現在
population_by_age_official,人口,年齢別人口,人口,西条市,令和7年,2025,calendar,70,female,740,人,actual,True,西条市統計データ（2026年版）,10. 年齢別住民基本台帳人口,2026,市民課,令和7年11月1日現在
population_by_age_official,人口,年齢別人口,人口,西条市,令和7年,2025,calendar,71,total,1413,人,actual,True,西条市統計データ（2026年版）,10. 年齢別住民基本台帳人口,2026,市民課,令和7年11月1日現在
population_by_age_official,人口,年齢別人口,人口,西条市,令和7年,2025,calendar,71,male,655,人,actual,True,西条市統計データ（2026年版）,10. 年齢別住民基本台帳人口,2026,市民課,令和7年11月1日現在
population_by_age_official,人口,年齢別人口,人口,西条市,令和7年,2025,calendar,71,female,758,人,actual,True,西条市統計データ（2026年版）,10. 年齢別住民基本台帳人口,2026,市民課,令和7年11月1日現在
population_by_age_official,人口,年齢別人口,人口,西条市,令和7年,2025,calendar,72,total,1486,人,actual,True,西条市統計データ（2026年版）,10. 年齢別住民基本台帳人口,2026,市民課,令和7年11月1日現在
population_by_age_official,人口,年齢別人口,人口,西条市,令和7年,2025,calendar,72,male,693,人,actual,True,西条市統計データ（2026年版）,10. 年齢別住民基本台帳人口,2026,市民課,令和7年11月1日現在
population_by_age_official,人口,年齢別人口,人口,西条市,令和7年,2025,calendar,72,female,793,人,actual,True,西条市統計データ（2026年版）,10. 年齢別住民基本台帳人口,2026,市民課,令和7年11月1日現在
population_by_age_official,人口,年齢別人口,人口,西条市,令和7年,2025,calendar,73,total,1628,人,actual,True,西条市統計データ（2026年版）,10. 年齢別住民基本台帳人口,2026,市民課,令和7年11月1日現在
population_by_age_official,人口,年齢別人口,人口,西条市,令和7年,2025,calendar,73,male,752,人,actual,True,西条市統計データ（2026年版）,10. 年齢別住民基本台帳人口,2026,市民課,令和7年11月1日現在
population_by_age_official,人口,年齢別人口,人口,西条市,令和7年,2025,calendar,73,female,876,人,actual,True,西条市統計データ（2026年版）,10. 年齢別住民基本台帳人口,2026,市民課,令和7年11月1日現在
population_by_age_official,人口,年齢別人口,人口,西条市,令和7年,2025,calendar,74,total,1647,人,actual,True,西条市統計データ（2026年版）,10. 年齢別住民基本台帳人口,2026,市民課,令和7年11月1日現在
population_by_age_official,人口,年齢別人口,人口,西条市,令和7年,2025,calendar,74,male,793,人,actual,True,西条市統計データ（2026年版）,10. 年齢別住民基本台帳人口,2026,市民課,令和7年11月1日現在
population_by_age_official,人口,年齢別人口,人口,西条市,令和7年,2025,calendar,74,female,854,人,actual,True,西条市統計データ（2026年版）,10. 年齢別住民基本台帳人口,2026,市民課,令和7年11月1日現在
population_by_age_official,人口,年齢別人口,人口,西条市,令和7年,2025,calendar,75,total,1698,人,actual,True,西条市統計データ（2026年版）,10. 年齢別住民基本台帳人口,2026,市民課,令和7年11月1日現在
population_by_age_official,人口,年齢別人口,人口,西条市,令和7年,2025,calendar,75,male,816,人,actual,True,西条市統計データ（2026年版）,10. 年齢別住民基本台帳人口,2026,市民課,令和7年11月1日現在
population_by_age_official,人口,年齢別人口,人口,西条市,令和7年,2025,calendar,75,female,882,人,actual,True,西条市統計データ（2026年版）,10. 年齢別住民基本台帳人口,2026,市民課,令和7年11月1日現在
population_by_age_official,人口,年齢別人口,人口,西条市,令和7年,2025,calendar,76,total,1876,人,actual,True,西条市統計データ（2026年版）,10. 年齢別住民基本台帳人口,2026,市民課,令和7年11月1日現在
population_by_age_official,人口,年齢別人口,人口,西条市,令和7年,2025,calendar,76,male,842,人,actual,True,西条市統計データ（2026年版）,10. 年齢別住民基本台帳人口,2026,市民課,令和7年11月1日現在
population_by_age_official,人口,年齢別人口,人口,西条市,令和7年,2025,calendar,76,female,1034,人,actual,True,西条市統計データ（2026年版）,10. 年齢別住民基本台帳人口,2026,市民課,令和7年11月1日現在
population_by_age_official,人口,年齢別人口,人口,西条市,令和7年,2025,calendar,77,total,1774,人,actual,True,西条市統計データ（2026年版）,10. 年齢別住民基本台帳人口,2026,市民課,令和7年11月1日現在
population_by_age_official,人口,年齢別人口,人口,西条市,令和7年,2025,calendar,77,male,808,人,actual,True,西条市統計データ（2026年版）,10. 年齢別住民基本台帳人口,2026,市民課,令和7年11月1日現在
population_by_age_official,人口,年齢別人口,人口,西条市,令和7年,2025,calendar,77,female,966,人,actual,True,西条市統計データ（2026年版）,10. 年齢別住民基本台帳人口,2026,市民課,令和7年11月1日現在
population_by_age_official,人口,年齢別人口,人口,西条市,令和7年,2025,calendar,78,total,1568,人,actual,True,西条市統計データ（2026年版）,10. 年齢別住民基本台帳人口,2026,市民課,令和7年11月1日現在
population_by_age_official,人口,年齢別人口,人口,西条市,令和7年,2025,calendar,78,male,716,人,actual,True,西条市統計データ（2026年版）,10. 年齢別住民基本台帳人口,2026,市民課,令和7年11月1日現在
population_by_age_official,人口,年齢別人口,人口,西条市,令和7年,2025,calendar,78,female,852,人,actual,True,西条市統計データ（2026年版）,10. 年齢別住民基本台帳人口,2026,市民課,令和7年11月1日現在
population_by_age_official,人口,年齢別人口,人口,西条市,令和7年,2025,calendar,79,total,955,人,actual,True,西条市統計データ（2026年版）,10. 年齢別住民基本台帳人口,2026,市民課,令和7年11月1日現在
population_by_age_official,人口,年齢別人口,人口,西条市,令和7年,2025,calendar,79,male,408,人,actual,True,西条市統計データ（2026年版）,10. 年齢別住民基本台帳人口,2026,市民課,令和7年11月1日現在
population_by_age_official,人口,年齢別人口,人口,西条市,令和7年,2025,calendar,79,female,547,人,actual,True,西条市統計データ（2026年版）,10. 年齢別住民基本台帳人口,2026,市民課,令和7年11月1日現在
population_by_age_official,人口,年齢別人口,人口,西条市,令和7年,2025,calendar,80,total,983,人,actual,True,西条市統計データ（2026年版）,10. 年齢別住民基本台帳人口,2026,市民課,令和7年11月1日現在
population_by_age_official,人口,年齢別人口,人口,西条市,令和7年,2025,calendar,80,male,467,人,actual,True,西条市統計データ（2026年版）,10. 年齢別住民基本台帳人口,2026,市民課,令和7年11月1日現在
population_by_age_official,人口,年齢別人口,人口,西条市,令和7年,2025,calendar,80,female,516,人,actual,True,西条市統計データ（2026年版）,10. 年齢別住民基本台帳人口,2026,市民課,令和7年11月1日現在
population_by_age_official,人口,年齢別人口,人口,西条市,令和7年,2025,calendar,81,total,1164,人,actual,True,西条市統計データ（2026年版）,10. 年齢別住民基本台帳人口,2026,市民課,令和7年11月1日現在
population_by_age_official,人口,年齢別人口,人口,西条市,令和7年,2025,calendar,81,male,486,人,actual,True,西条市統計データ（2026年版）,10. 年齢別住民基本台帳人口,2026,市民課,令和7年11月1日現在
population_by_age_official,人口,年齢別人口,人口,西条市,令和7年,2025,calendar,81,female,678,人,actual,True,西条市統計データ（2026年版）,10. 年齢別住民基本台帳人口,2026,市民課,令和7年11月1日現在
population_by_age_official,人口,年齢別人口,人口,西条市,令和7年,2025,calendar,82,total,998,人,actual,True,西条市統計データ（2026年版）,10. 年齢別住民基本台帳人口,2026,市民課,令和7年11月1日現在
population_by_age_official,人口,年齢別人口,人口,西条市,令和7年,2025,calendar,82,male,454,人,actual,True,西条市統計データ（2026年版）,10. 年齢別住民基本台帳人口,2026,市民課,令和7年11月1日現在
population_by_age_official,人口,年齢別人口,人口,西条市,令和7年,2025,calendar,82,female,544,人,actual,True,西条市統計データ（2026年版）,10. 年齢別住民基本台帳人口,2026,市民課,令和7年11月1日現在
population_by_age_official,人口,年齢別人口,人口,西条市,令和7年,2025,calendar,83,total,981,人,actual,True,西条市統計データ（2026年版）,10. 年齢別住民基本台帳人口,2026,市民課,令和7年11月1日現在
population_by_age_official,人口,年齢別人口,人口,西条市,令和7年,2025,calendar,83,male,376,人,actual,True,西条市統計データ（2026年版）,10. 年齢別住民基本台帳人口,2026,市民課,令和7年11月1日現在
population_by_age_official,人口,年齢別人口,人口,西条市,令和7年,2025,calendar,83,female,605,人,actual,True,西条市統計データ（2026年版）,10. 年齢別住民基本台帳人口,2026,市民課,令和7年11月1日現在
population_by_age_official,人口,年齢別人口,人口,西条市,令和7年,2025,calendar,84,total,1042,人,actual,True,西条市統計データ（2026年版）,10. 年齢別住民基本台帳人口,2026,市民課,令和7年11月1日現在
population_by_age_official,人口,年齢別人口,人口,西条市,令和7年,2025,calendar,84,male,387,人,actual,True,西条市統計データ（2026年版）,10. 年齢別住民基本台帳人口,2026,市民課,令和7年11月1日現在
population_by_age_official,人口,年齢別人口,人口,西条市,令和7年,2025,calendar,84,female,655,人,actual,True,西条市統計データ（2026年版）,10. 年齢別住民基本台帳人口,2026,市民課,令和7年11月1日現在
population_by_age_official,人口,年齢別人口,人口,西条市,令和7年,2025,calendar,85,total,874,人,actual,True,西条市統計データ（2026年版）,10. 年齢別住民基本台帳人口,2026,市民課,令和7年11月1日現在
population_by_age_official,人口,年齢別人口,人口,西条市,令和7年,2025,calendar,85,male,335,人,actual,True,西条市統計データ（2026年版）,10. 年齢別住民基本台帳人口,2026,市民課,令和7年11月1日現在
population_by_age_official,人口,年齢別人口,人口,西条市,令和7年,2025,calendar,85,female,539,人,actual,True,西条市統計データ（2026年版）,10. 年齢別住民基本台帳人口,2026,市民課,令和7年11月1日現在
population_by_age_official,人口,年齢別人口,人口,西条市,令和7年,2025,calendar,86,total,759,人,actual,True,西条市統計データ（2026年版）,10. 年齢別住民基本台帳人口,2026,市民課,令和7年11月1日現在
population_by_age_official,人口,年齢別人口,人口,西条市,令和7年,2025,calendar,86,male,291,人,actual,True,西条市統計データ（2026年版）,10. 年齢別住民基本台帳人口,2026,市民課,令和7年11月1日現在
population_by_age_official,人口,年齢別人口,人口,西条市,令和7年,2025,calendar,86,female,468,人,actual,True,西条市統計データ（2026年版）,10. 年齢別住民基本台帳人口,2026,市民課,令和7年11月1日現在
population_by_age_official,人口,年齢別人口,人口,西条市,令和7年,2025,calendar,87,total,726,人,actual,True,西条市統計データ（2026年版）,10. 年齢別住民基本台帳人口,2026,市民課,令和7年11月1日現在
population_by_age_official,人口,年齢別人口,人口,西条市,令和7年,2025,calendar,87,male,241,人,actual,True,西条市統計データ（2026年版）,10. 年齢別住民基本台帳人口,2026,市民課,令和7年11月1日現在
population_by_age_official,人口,年齢別人口,人口,西条市,令和7年,2025,calendar,87,female,485,人,actual,True,西条市統計データ（2026年版）,10. 年齢別住民基本台帳人口,2026,市民課,令和7年11月1日現在
population_by_age_official,人口,年齢別人口,人口,西条市,令和7年,2025,calendar,88,total,756,人,actual,True,西条市統計データ（2026年版）,10. 年齢別住民基本台帳人口,2026,市民課,令和7年11月1日現在
population_by_age_official,人口,年齢別人口,人口,西条市,令和7年,2025,calendar,88,male,252,人,actual,True,西条市統計データ（2026年版）,10. 年齢別住民基本台帳人口,2026,市民課,令和7年11月1日現在
population_by_age_official,人口,年齢別人口,人口,西条市,令和7年,2025,calendar,88,female,504,人,actual,True,西条市統計データ（2026年版）,10. 年齢別住民基本台帳人口,2026,市民課,令和7年11月1日現在
population_by_age_official,人口,年齢別人口,人口,西条市,令和7年,2025,calendar,89,total,673,人,actual,True,西条市統計データ（2026年版）,10. 年齢別住民基本台帳人口,2026,市民課,令和7年11月1日現在
population_by_age_official,人口,年齢別人口,人口,西条市,令和7年,2025,calendar,89,male,217,人,actual,True,西条市統計データ（2026年版）,10. 年齢別住民基本台帳人口,2026,市民課,令和7年11月1日現在
population_by_age_official,人口,年齢別人口,人口,西条市,令和7年,2025,calendar,89,female,456,人,actual,True,西条市統計データ（2026年版）,10. 年齢別住民基本台帳人口,2026,市民課,令和7年11月1日現在
population_by_age_official,人口,年齢別人口,人口,西条市,令和7年,2025,calendar,90,total,614,人,actual,True,西条市統計データ（2026年版）,10. 年齢別住民基本台帳人口,2026,市民課,令和7年11月1日現在
population_by_age_official,人口,年齢別人口,人口,西条市,令和7年,2025,calendar,90,male,190,人,actual,True,西条市統計データ（2026年版）,10. 年齢別住民基本台帳人口,2026,市民課,令和7年11月1日現在
population_by_age_official,人口,年齢別人口,人口,西条市,令和7年,2025,calendar,90,female,424,人,actual,True,西条市統計データ（2026年版）,10. 年齢別住民基本台帳人口,2026,市民課,令和7年11月1日現在
population_by_age_official,人口,年齢別人口,人口,西条市,令和7年,2025,calendar,91,total,497,人,actual,True,西条市統計データ（2026年版）,10. 年齢別住民基本台帳人口,2026,市民課,令和7年11月1日現在
population_by_age_official,人口,年齢別人口,人口,西条市,令和7年,2025,calendar,91,male,150,人,actual,True,西条市統計データ（2026年版）,10. 年齢別住民基本台帳人口,2026,市民課,令和7年11月1日現在
population_by_age_official,人口,年齢別人口,人口,西条市,令和7年,2025,calendar,91,female,347,人,actual,True,西条市統計データ（2026年版）,10. 年齢別住民基本台帳人口,2026,市民課,令和7年11月1日現在
population_by_age_official,人口,年齢別人口,人口,西条市,令和7年,2025,calendar,92,total,453,人,actual,True,西条市統計データ（2026年版）,10. 年齢別住民基本台帳人口,2026,市民課,令和7年11月1日現在
population_by_age_official,人口,年齢別人口,人口,西条市,令和7年,2025,calendar,92,male,159,人,actual,True,西条市統計データ（2026年版）,10. 年齢別住民基本台帳人口,2026,市民課,令和7年11月1日現在
population_by_age_official,人口,年齢別人口,人口,西条市,令和7年,2025,calendar,92,female,294,人,actual,True,西条市統計データ（2026年版）,10. 年齢別住民基本台帳人口,2026,市民課,令和7年11月1日現在
population_by_age_official,人口,年齢別人口,人口,西条市,令和7年,2025,calendar,93,total,394,人,actual,True,西条市統計データ（2026年版）,10. 年齢別住民基本台帳人口,2026,市民課,令和7年11月1日現在
population_by_age_official,人口,年齢別人口,人口,西条市,令和7年,2025,calendar,93,male,95,人,actual,True,西条市統計データ（2026年版）,10. 年齢別住民基本台帳人口,2026,市民課,令和7年11月1日現在
population_by_age_official,人口,年齢別人口,人口,西条市,令和7年,2025,calendar,93,female,299,人,actual,True,西条市統計データ（2026年版）,10. 年齢別住民基本台帳人口,2026,市民課,令和7年11月1日現在
population_by_age_official,人口,年齢別人口,人口,西条市,令和7年,2025,calendar,94,total,357,人,actual,True,西条市統計データ（2026年版）,10. 年齢別住民基本台帳人口,2026,市民課,令和7年11月1日現在
population_by_age_official,人口,年齢別人口,人口,西条市,令和7年,2025,calendar,94,male,90,人,actual,True,西条市統計データ（2026年版）,10. 年齢別住民基本台帳人口,2026,市民課,令和7年11月1日現在
population_by_age_official,人口,年齢別人口,人口,西条市,令和7年,2025,calendar,94,female,267,人,actual,True,西条市統計データ（2026年版）,10. 年齢別住民基本台帳人口,2026,市民課,令和7年11月1日現在
population_by_age_official,人口,年齢別人口,人口,西条市,令和7年,2025,calendar,95,total,232,人,actual,True,西条市統計データ（2026年版）,10. 年齢別住民基本台帳人口,2026,市民課,令和7年11月1日現在
population_by_age_official,人口,年齢別人口,人口,西条市,令和7年,2025,calendar,95,male,52,人,actual,True,西条市統計データ（2026年版）,10. 年齢別住民基本台帳人口,2026,市民課,令和7年11月1日現在
population_by_age_official,人口,年齢別人口,人口,西条市,令和7年,2025,calendar,95,female,180,人,actual,True,西条市統計データ（2026年版）,10. 年齢別住民基本台帳人口,2026,市民課,令和7年11月1日現在
population_by_age_official,人口,年齢別人口,人口,西条市,令和7年,2025,calendar,96,total,215,人,actual,True,西条市統計データ（2026年版）,10. 年齢別住民基本台帳人口,2026,市民課,令和7年11月1日現在
population_by_age_official,人口,年齢別人口,人口,西条市,令和7年,2025,calendar,96,male,48,人,actual,True,西条市統計データ（2026年版）,10. 年齢別住民基本台帳人口,2026,市民課,令和7年11月1日現在
population_by_age_official,人口,年齢別人口,人口,西条市,令和7年,2025,calendar,96,female,167,人,actual,True,西条市統計データ（2026年版）,10. 年齢別住民基本台帳人口,2026,市民課,令和7年11月1日現在
population_by_age_official,人口,年齢別人口,人口,西条市,令和7年,2025,calendar,97,total,155,人,actual,True,西条市統計データ（2026年版）,10. 年齢別住民基本台帳人口,2026,市民課,令和7年11月1日現在
population_by_age_official,人口,年齢別人口,人口,西条市,令和7年,2025,calendar,97,male,23,人,actual,True,西条市統計データ（2026年版）,10. 年齢別住民基本台帳人口,2026,市民課,令和7年11月1日現在
population_by_age_official,人口,年齢別人口,人口,西条市,令和7年,2025,calendar,97,female,132,人,actual,True,西条市統計データ（2026年版）,10. 年齢別住民基本台帳人口,2026,市民課,令和7年11月1日現在
population_by_age_official,人口,年齢別人口,人口,西条市,令和7年,2025,calendar,98,total,126,人,actual,True,西条市統計データ（2026年版）,10. 年齢別住民基本台帳人口,2026,市民課,令和7年11月1日現在
population_by_age_official,人口,年齢別人口,人口,西条市,令和7年,2025,calendar,98,male,16,人,actual,True,西条市統計データ（2026年版）,10. 年齢別住民基本台帳人口,2026,市民課,令和7年11月1日現在
population_by_age_official,人口,年齢別人口,人口,西条市,令和7年,2025,calendar,98,female,110,人,actual,True,西条市統計データ（2026年版）,10. 年齢別住民基本台帳人口,2026,市民課,令和7年11月1日現在
population_by_age_official,人口,年齢別人口,人口,西条市,令和7年,2025,calendar,99,total,85,人,actual,True,西条市統計データ（2026年版）,10. 年齢別住民基本台帳人口,2026,市民課,令和7年11月1日現在
population_by_age_official,人口,年齢別人口,人口,西条市,令和7年,2025,calendar,99,male,19,人,actual,True,西条市統計データ（2026年版）,10. 年齢別住民基本台帳人口,2026,市民課,令和7年11月1日現在
population_by_age_official,人口,年齢別人口,人口,西条市,令和7年,2025,calendar,99,female,66,人,actual,True,西条市統計データ（2026年版）,10. 年齢別住民基本台帳人口,2026,市民課,令和7年11月1日現在
population_by_age_official,人口,年齢別人口,人口,西条市,令和7年,2025,calendar,100,total,56,人,actual,True,西条市統計データ（2026年版）,10. 年齢別住民基本台帳人口,2026,市民課,令和7年11月1日現在
population_by_age_official,人口,年齢別人口,人口,西条市,令和7年,2025,calendar,100,male,7,人,actual,True,西条市統計データ（2026年版）,10. 年齢別住民基本台帳人口,2026,市民課,令和7年11月1日現在
population_by_age_official,人口,年齢別人口,人口,西条市,令和7年,2025,calendar,100,female,49,人,actual,True,西条市統計データ（2026年版）,10. 年齢別住民基本台帳人口,2026,市民課,令和7年11月1日現在
population_by_age_official,人口,年齢別人口,人口,西条市,令和7年,2025,calendar,101,total,41,人,actual,True,西条市統計データ（2026年版）,10. 年齢別住民基本台帳人口,2026,市民課,令和7年11月1日現在
population_by_age_official,人口,年齢別人口,人口,西条市,令和7年,2025,calendar,101,male,3,人,actual,True,西条市統計データ（2026年版）,10. 年齢別住民基本台帳人口,2026,市民課,令和7年11月1日現在
population_by_age_official,人口,年齢別人口,人口,西条市,令和7年,2025,calendar,101,female,38,人,actual,True,西条市統計データ（2026年版）,10. 年齢別住民基本台帳人口,2026,市民課,令和7年11月1日現在
population_by_age_official,人口,年齢別人口,人口,西条市,令和7年,2025,calendar,102,total,18,人,actual,True,西条市統計データ（2026年版）,10. 年齢別住民基本台帳人口,2026,市民課,令和7年11月1日現在
population_by_age_official,人口,年齢別人口,人口,西条市,令和7年,2025,calendar,102,male,0,人,actual,True,西条市統計データ（2026年版）,10. 年齢別住民基本台帳人口,2026,市民課,令和7年11月1日現在
population_by_age_official,人口,年齢別人口,人口,西条市,令和7年,2025,calendar,102,female,18,人,actual,True,西条市統計データ（2026年版）,10. 年齢別住民基本台帳人口,2026,市民課,令和7年11月1日現在
population_by_age_official,人口,年齢別人口,人口,西条市,令和7年,2025,calendar,103,total,11,人,actual,True,西条市統計データ（2026年版）,10. 年齢別住民基本台帳人口,2026,市民課,令和7年11月1日現在
population_by_age_official,人口,年齢別人口,人口,西条市,令和7年,2025,calendar,103,male,2,人,actual,True,西条市統計データ（2026年版）,10. 年齢別住民基本台帳人口,2026,市民課,令和7年11月1日現在
population_by_age_official,人口,年齢別人口,人口,西条市,令和7年,2025,calendar,103,female,9,人,actual,True,西条市統計データ（2026年版）,10. 年齢別住民基本台帳人口,2026,市民課,令和7年11月1日現在
population_by_age_official,人口,年齢別人口,人口,西条市,令和7年,2025,calendar,104,total,7,人,actual,True,西条市統計データ（2026年版）,10. 年齢別住民基本台帳人口,2026,市民課,令和7年11月1日現在
population_by_age_official,人口,年齢別人口,人口,西条市,令和7年,2025,calendar,104,male,0,人,actual,True,西条市統計データ（2026年版）,10. 年齢別住民基本台帳人口,2026,市民課,令和7年11月1日現在
population_by_age_official,人口,年齢別人口,人口,西条市,令和7年,2025,calendar,104,female,7,人,actual,True,西条市統計データ（2026年版）,10. 年齢別住民基本台帳人口,2026,市民課,令和7年11月1日現在
population_by_age_official,人口,年齢別人口,人口,西条市,令和7年,2025,calendar,105以上,total,17,人,actual,True,西条市統計データ（2026年版）,10. 年齢別住民基本台帳人口,2026,市民課,令和7年11月1日現在
population_by_age_official,人口,年齢別人口,人口,西条市,令和7年,2025,calendar,105以上,male,1,人,actual,True,西条市統計データ（2026年版）,10. 年齢別住民基本台帳人口,2026,市民課,令和7年11月1日現在
population_by_age_official,人口,年齢別人口,人口,西条市,令和7年,2025,calendar,105以上,female,16,人,actual,True,西条市統計データ（2026年版）,10. 年齢別住民基本台帳人口,2026,市民課,令和7年11月1日現在
